Lake,Core,Time_median,Period,Species,Copies.DNA ng
Pounui,Depocenter,2021,European,Anguilla australis,0.045374562
Pounui,Depocenter,2018,European,Anguilla australis,0
Pounui,Depocenter,2011,European,Anguilla australis,0
Pounui,Depocenter,2005,European,Anguilla australis,0.005432135
Pounui,Depocenter,1998,European,Anguilla australis,0
Pounui,Depocenter,1991,European,Anguilla australis,0
Pounui,Depocenter,1983,European,Anguilla australis,0.009240932
Pounui,Depocenter,1975,European,Anguilla australis,0.009789391
Pounui,Depocenter,1968,European,Anguilla australis,0.023335495
Pounui,Depocenter,1952,European,Anguilla australis,0.011725999
Pounui,Depocenter,1937,European,Anguilla australis,0.010013389
Pounui,Depocenter,1922,European,Anguilla australis,0.012364904
Pounui,Depocenter,1907,European,Anguilla australis,0
Pounui,Depocenter,1895,European,Anguilla australis,0
Pounui,Depocenter,1884,European,Anguilla australis,0
Pounui,Depocenter,1876,European,Anguilla australis,0.02927488
Pounui,Depocenter,1863,European,Anguilla australis,0
Pounui,Depocenter,1855,European,Anguilla australis,0
Pounui,Depocenter,1848,European,Anguilla australis,0.052471286
Pounui,Depocenter,1804,Maori,Anguilla australis,0.047126302
Pounui,Depocenter,1734,Maori,Anguilla australis,0.050205657
Pounui,Depocenter,1661,Maori,Anguilla australis,0.088348041
Pounui,Depocenter,1575,Maori,Anguilla australis,0
Pounui,Depocenter,1482,Maori,Anguilla australis,0
Pounui,Depocenter,1400,Prehuman,Anguilla australis,0
Pounui,Depocenter,1351,Prehuman,Anguilla australis,0
Pounui,Depocenter,1324,Prehuman,Anguilla australis,0
Pounui,Depocenter,1306,Prehuman,Anguilla australis,0
Pounui,Depocenter,1278,Prehuman,Anguilla australis,0
Pounui,Depocenter,1242,Prehuman,Anguilla australis,0
Pounui,Depocenter,2021,European,Echyridella menziesii,0.379137588
Pounui,Depocenter,2018,European,Echyridella menziesii,0.096756743
Pounui,Depocenter,2011,European,Echyridella menziesii,0.050319379
Pounui,Depocenter,2005,European,Echyridella menziesii,0
Pounui,Depocenter,1998,European,Echyridella menziesii,0.021928941
Pounui,Depocenter,1991,European,Echyridella menziesii,0.021035
Pounui,Depocenter,1983,European,Echyridella menziesii,0.014803617
Pounui,Depocenter,1975,European,Echyridella menziesii,0.032374541
Pounui,Depocenter,1968,European,Echyridella menziesii,0
Pounui,Depocenter,1952,European,Echyridella menziesii,0
Pounui,Depocenter,1937,European,Echyridella menziesii,0.032266579
Pounui,Depocenter,1922,European,Echyridella menziesii,0.018943053
Pounui,Depocenter,1907,European,Echyridella menziesii,0.025412777
Pounui,Depocenter,1895,European,Echyridella menziesii,0.070666384
Pounui,Depocenter,1884,European,Echyridella menziesii,0.057306628
Pounui,Depocenter,1876,European,Echyridella menziesii,0.09793358
Pounui,Depocenter,1863,European,Echyridella menziesii,0.324613149
Pounui,Depocenter,1855,European,Echyridella menziesii,0.173026641
Pounui,Depocenter,1848,European,Echyridella menziesii,0.30886382
Pounui,Depocenter,1804,Maori,Echyridella menziesii,0.128232096
Pounui,Depocenter,1734,Maori,Echyridella menziesii,0.444380235
Pounui,Depocenter,1661,Maori,Echyridella menziesii,0
Pounui,Depocenter,1575,Maori,Echyridella menziesii,0
Pounui,Depocenter,1482,Maori,Echyridella menziesii,0
Pounui,Depocenter,1400,Prehuman,Echyridella menziesii,0
Pounui,Depocenter,1351,Prehuman,Echyridella menziesii,0
Pounui,Depocenter,1324,Prehuman,Echyridella menziesii,0
Pounui,Depocenter,1306,Prehuman,Echyridella menziesii,0
Pounui,Depocenter,1278,Prehuman,Echyridella menziesii,0
Pounui,Depocenter,1242,Prehuman,Echyridella menziesii,0
Pounui,Depocenter,2021,European,Perca fluviatilis,0.080459317
Pounui,Depocenter,2018,European,Perca fluviatilis,0.028925294
Pounui,Depocenter,2011,European,Perca fluviatilis,0.012499929
Pounui,Depocenter,2005,European,Perca fluviatilis,0
Pounui,Depocenter,1998,European,Perca fluviatilis,0
Pounui,Depocenter,1991,European,Perca fluviatilis,0.008028725
Pounui,Depocenter,1983,European,Perca fluviatilis,0
Pounui,Depocenter,1975,European,Perca fluviatilis,0
Pounui,Depocenter,1968,European,Perca fluviatilis,0.030304921
Pounui,Depocenter,1952,European,Perca fluviatilis,0
Pounui,Depocenter,1937,European,Perca fluviatilis,0.014244604
Pounui,Depocenter,1922,European,Perca fluviatilis,0
Pounui,Depocenter,1907,European,Perca fluviatilis,0.026656058
Pounui,Depocenter,1895,European,Perca fluviatilis,0.028075438
Pounui,Depocenter,1884,European,Perca fluviatilis,0
Pounui,Depocenter,1876,European,Perca fluviatilis,0.062926275
Pounui,Depocenter,1863,European,Perca fluviatilis,0
Pounui,Depocenter,1855,European,Perca fluviatilis,0
Pounui,Depocenter,1848,European,Perca fluviatilis,0.057786586
Pounui,Depocenter,1804,Maori,Perca fluviatilis,0
Pounui,Depocenter,1734,Maori,Perca fluviatilis,0
Pounui,Depocenter,1661,Maori,Perca fluviatilis,0
Pounui,Depocenter,1575,Maori,Perca fluviatilis,0
Pounui,Depocenter,1482,Maori,Perca fluviatilis,0
Pounui,Depocenter,1400,Prehuman,Perca fluviatilis,0
Pounui,Depocenter,1351,Prehuman,Perca fluviatilis,0
Pounui,Depocenter,1324,Prehuman,Perca fluviatilis,0
Pounui,Depocenter,1306,Prehuman,Perca fluviatilis,0
Pounui,Depocenter,1278,Prehuman,Perca fluviatilis,0
Pounui,Depocenter,1242,Prehuman,Perca fluviatilis,0
Pounui,Nearshore,2021,European,Anguilla australis,0.017351743
Pounui,Nearshore,2019,European,Anguilla australis,0.034129534
Pounui,Nearshore,2018,European,Anguilla australis,0.019489669
Pounui,Nearshore,2016,European,Anguilla australis,0.071606552
Pounui,Nearshore,2014,European,Anguilla australis,0
Pounui,Nearshore,2007,European,Anguilla australis,0.023098535
Pounui,Nearshore,1999,European,Anguilla australis,0.0354079
Pounui,Nearshore,1991,European,Anguilla australis,0.186604439
Pounui,Nearshore,1976,European,Anguilla australis,0.12636006
Pounui,Nearshore,1964,European,Anguilla australis,0.038202507
Pounui,Nearshore,1903,European,Anguilla australis,0
Pounui,Nearshore,1897,European,Anguilla australis,0.028305432
Pounui,Nearshore,1888,European,Anguilla australis,0.024344956
Pounui,Nearshore,1880,European,Anguilla australis,0
Pounui,Nearshore,1874,European,Anguilla australis,0
Pounui,Nearshore,1868,European,Anguilla australis,0
Pounui,Nearshore,1862,European,Anguilla australis,0.044685487
Pounui,Nearshore,1857,European,Anguilla australis,0
Pounui,Nearshore,1851,European,Anguilla australis,0.095789013
Pounui,Nearshore,1823,Maori,Anguilla australis,0
Pounui,Nearshore,1749,Maori,Anguilla australis,0.127457862
Pounui,Nearshore,1702,Maori,Anguilla australis,0
Pounui,Nearshore,1599,Maori,Anguilla australis,0
Pounui,Nearshore,1495,Maori,Anguilla australis,0
Pounui,Nearshore,1445,Maori,Anguilla australis,0
Pounui,Nearshore,1336,Prehuman,Anguilla australis,0
Pounui,Nearshore,1282,Prehuman,Anguilla australis,0.286128018
Pounui,Nearshore,1137,Prehuman,Anguilla australis,0
Pounui,Nearshore,907,Prehuman,Anguilla australis,0
Pounui,Nearshore,731,Prehuman,Anguilla australis,0
Pounui,Nearshore,2021,European,Echyridella menziesii,0.60150999
Pounui,Nearshore,2019,European,Echyridella menziesii,0.271888811
Pounui,Nearshore,2018,European,Echyridella menziesii,0.026895289
Pounui,Nearshore,2016,European,Echyridella menziesii,0
Pounui,Nearshore,2014,European,Echyridella menziesii,0
Pounui,Nearshore,2007,European,Echyridella menziesii,0
Pounui,Nearshore,1999,European,Echyridella menziesii,0
Pounui,Nearshore,1991,European,Echyridella menziesii,0.041120143
Pounui,Nearshore,1976,European,Echyridella menziesii,0.078058786
Pounui,Nearshore,1964,European,Echyridella menziesii,0.049597277
Pounui,Nearshore,1903,European,Echyridella menziesii,0
Pounui,Nearshore,1897,European,Echyridella menziesii,0.236244896
Pounui,Nearshore,1888,European,Echyridella menziesii,0.311673244
Pounui,Nearshore,1880,European,Echyridella menziesii,0.46301793
Pounui,Nearshore,1874,European,Echyridella menziesii,0.260165224
Pounui,Nearshore,1868,European,Echyridella menziesii,0.414926927
Pounui,Nearshore,1862,European,Echyridella menziesii,0.1850029
Pounui,Nearshore,1857,European,Echyridella menziesii,0.260353878
Pounui,Nearshore,1851,European,Echyridella menziesii,0.182543225
Pounui,Nearshore,1823,Maori,Echyridella menziesii,0.049267319
Pounui,Nearshore,1749,Maori,Echyridella menziesii,0.382221968
Pounui,Nearshore,1702,Maori,Echyridella menziesii,0.174331882
Pounui,Nearshore,1599,Maori,Echyridella menziesii,0.237551225
Pounui,Nearshore,1495,Maori,Echyridella menziesii,0
Pounui,Nearshore,1445,Maori,Echyridella menziesii,0.470528621
Pounui,Nearshore,1336,Prehuman,Echyridella menziesii,0.218018073
Pounui,Nearshore,1282,Prehuman,Echyridella menziesii,0.214915663
Pounui,Nearshore,1137,Prehuman,Echyridella menziesii,0
Pounui,Nearshore,907,Prehuman,Echyridella menziesii,0
Pounui,Nearshore,731,Prehuman,Echyridella menziesii,0
Pounui,Nearshore,2021,European,Perca fluviatilis,0.460135589
Pounui,Nearshore,2019,European,Perca fluviatilis,0.039589208
Pounui,Nearshore,2018,European,Perca fluviatilis,0.036901779
Pounui,Nearshore,2016,European,Perca fluviatilis,0.046902124
Pounui,Nearshore,2014,European,Perca fluviatilis,0.03540104
Pounui,Nearshore,2007,European,Perca fluviatilis,0.071911006
Pounui,Nearshore,1999,European,Perca fluviatilis,0.057901872
Pounui,Nearshore,1991,European,Perca fluviatilis,0.055713724
Pounui,Nearshore,1976,European,Perca fluviatilis,0.088734476
Pounui,Nearshore,1964,European,Perca fluviatilis,0.04359127
Pounui,Nearshore,1903,European,Perca fluviatilis,0.062638041
Pounui,Nearshore,1897,European,Perca fluviatilis,0.023528551
Pounui,Nearshore,1888,European,Perca fluviatilis,0
Pounui,Nearshore,1880,European,Perca fluviatilis,0.046380652
Pounui,Nearshore,1874,European,Perca fluviatilis,0.028417653
Pounui,Nearshore,1868,European,Perca fluviatilis,0
Pounui,Nearshore,1862,European,Perca fluviatilis,0.071807649
Pounui,Nearshore,1857,European,Perca fluviatilis,0.062873441
Pounui,Nearshore,1851,European,Perca fluviatilis,0.085757121
Pounui,Nearshore,1823,Maori,Perca fluviatilis,0
Pounui,Nearshore,1749,Maori,Perca fluviatilis,0
Pounui,Nearshore,1702,Maori,Perca fluviatilis,0
Pounui,Nearshore,1599,Maori,Perca fluviatilis,0
Pounui,Nearshore,1495,Maori,Perca fluviatilis,0
Pounui,Nearshore,1445,Maori,Perca fluviatilis,0
Pounui,Nearshore,1336,Prehuman,Perca fluviatilis,0
Pounui,Nearshore,1282,Prehuman,Perca fluviatilis,0
Pounui,Nearshore,1137,Prehuman,Perca fluviatilis,0
Pounui,Nearshore,907,Prehuman,Perca fluviatilis,0
Pounui,Nearshore,731,Prehuman,Perca fluviatilis,0
